0,"{'large': 1, 'values': 1, 'good': 1}",[],[],[],spam,"{'large': 1, 'values': 1, 'good': 1, 'be': 1}"
1,"{'card': 1, 'national': 1}",[],[],[],spam,"{'Bad': 1, 'for': 2, '': 1, 'card': 1, 'foreign': 1, 'national': 1}"
2,"{'payment': 1, 'now': 1, 'free': 2, 'prize': 1, 'gift': 1, 'body': 1, 'name': 1}",[],[],[],spam,"{'payment': 1, 'required': 2, 'blocked': 1, 'locked': 1, 'now': 1, 'free': 2, 'prize': 1, 'gift': 1, 'email': 2, 'body': 1, 'name': 1}"
3,"{'holiday': 1, 'voucher': 1}",[],[],[],spam,"{'holiday': 1, 'voucher': 1, 'help': 1, 'waiting': 1}"
4,"{'prize': 1, 'prince': 1, 'bank': 1}",[],[],[],spam,"{'won': 1, 'prize': 1, 'Nigeria': 1, 'prince': 1, 'bank': 1, 'pay': 1, 'Amazon': 1}"
5,"{'bank': 1, 'link': 1, 'large': 1, 'free': 1, 'competition': 1}",[],[],[],spam,"{'Someone': 1, 'has': 1, 'recently': 1, 'bank': 1, 'please': 1, 'follow': 1, 'link': 1, 'large': 1, 'removed': 1, 'from': 1, 'won': 1, 'free': 1, 'competition': 1, 'foreign': 1, 'email': 1}"
6,"{'payment': 2, 'breach': 1}",[],[],[],spam,"{'Failed': 1, 'payment': 2, 'blocked': 1, 'breach': 1}"
7,"{'personal': 1, 'free': 1}",[],[],[],spam,"{'Password': 1, 'requests': 1, 'for': 1, 'personal': 1, 'free': 1}"
8,"{'video': 1, 'hacker': 1}",[],[],[],spam,"{'': 1, 'Bitcoin': 1, 'video': 1, 'hacker': 1}"
9,"{'update': 1, 'penis': 1}",[],[],[],spam,"{'Urgent': 1, 'update': 1, 'login': 1, 'penis': 1}"
10,"{'font': 1, 'grammar': 1, 'use': 1}",[],[],[],spam,"{'Change': 1, 'font': 1, 'grammar': 1, 'from': 1, 'common': 1, 'use': 1}"
11,"{'return': 1, 'reward': 1}",[],[],[],spam,"{'HMRC': 1, 'return': 1, 'reward': 1, 'paid': 1, 'earn': 1}"
12,"{'contest': 1, 'collect': 1, 'reward': 1, 'license': 1, 'renewal': 1}",[],[],[],spam,"{'Youve': 1, 'won': 1, 'contest': 1, 'collect': 1, 'reward': 1, 'license': 1, 'renewal': 1}"
13,"{'content': 1, 'unknown': 1, 'user': 1, 'bulletin': 1, 'password': 2, 'click': 1, 'reset': 1}",[],[],[],spam,"{'Typos': 1, 'content': 1, 'anything': 1, 'from': 1, 'unknown': 1, 'user': 1, 'just': 1, 'bulletin': 1, 'unsolicited': 1, 'requests': 1, 'confirm': 1, 'password': 2, 'click': 1, 'reset': 1, 'files': 1}"
14,"{'banks': 1, 'card': 1, 'fraud': 1}",[],[],[],spam,"{'Money': 1, 'banks': 1, 'card': 1, 'hacking': 1, 'fraud': 1}"
15,"{'winning': 1, 'competition': 1, 'good': 1, 'week': 1, 'holiday': 1, 'private': 1}",[],[],[],spam,"{'Lots': 1, 'winning': 1, 'competition': 1, 'just': 1, 'good': 1, 'be': 1, 'week': 1, 'holiday': 1, 'private': 1}"
16,"{'contact': 1, 'banking': 1, 'personal': 1, 'hold': 1, 'change': 1, 'password': 1, 'name': 1}",[],[],[],spam,"{'Money': 1, 'contact': 1, 'banking': 1, 'personal': 1, 'hold': 1, 'change': 1, 'password': 1, 'name': 1}"
17,"{'grammar': 1, 'no': 1, 'name': 1}",[],[],[],spam,"{'Incorrect': 1, 'grammar': 1, 'foreign': 1, 'currencies': 1, 'Bitcoin': 1, 'American': 1, 'English': 1, 'Mrs': 1, 'with': 1, 'no': 1, 'name': 1}"
18,"{'use': 1, 'name': 1, 'company': 1, 'know': 1}",[],[],[],spam,"{'Do': 1, 'not': 2, 'use': 1, 'name': 1, 'company': 1, 'I': 1, 'know': 1, 'com': 1}"
19,"{'grammar': 1, 'government': 1, 'body': 1, 'bank': 1, 'card': 1, 'payment': 1}",[],[],[],spam,"{'grammar': 1, 'from': 1, 'government': 1, 'body': 1, 'requesting': 1, 'bank': 1, '': 1, 'card': 1, 'payment': 1}"
20,"{'click': 1, 'link': 1}",[],[],[],spam,"{'Asking': 1, 'for': 1, 'click': 1, 'link': 1}"
21,"{'prize': 1, 'winner': 1, 'reply': 1, 'win': 2, 'holiday': 1, 'free': 1}",[],[],[],spam,"{'Money': 1, 'prize': 1, 'winner': 1, 'reply': 1, 'win': 2, 'holiday': 1, 'free': 1}"
22,"{'xx': 1, 'can': 1}",[],[],[],spam,"{'Money': 1, 'Bill': 1, 'You': 1, 'have': 1, 'won': 1, 'xx': 1, '': 1, 'can': 1, 'help': 1}"
23,"{'xx': 1, 'can': 1}",[],[],[],spam,"{'Money': 1, 'Bill': 1, 'You': 1, 'have': 1, 'won': 1, 'xx': 1, '': 1, 'can': 1, 'help': 1}"
24,"{'xx': 1, 'can': 1}",[],[],[],spam,"{'Money': 1, 'Bill': 1, 'You': 1, 'have': 1, 'won': 1, 'xx': 1, '': 1, 'can': 1, 'help': 1}"
25,"{'personal': 1, 'phone': 1, 'numbers': 1, 'company': 1, 'request': 1, 'computer': 1, 'program': 1, 'updating': 1}",[],[],[],spam,"{'Money': 1, 'Number': 1, 'UK': 1, 'for': 2, 'personal': 1, 'phone': 1, 'numbers': 1, 'not': 1, 'labelled': 1, 'company': 1, 'request': 1, 'computer': 1, 'etc': 1, '': 1, 'program': 1, 'needs': 1, 'updating': 1}"
26,"{'banks': 1, 'name': 1}",[],[],[],spam,"{'Money': 1, 'eBay': 1, 'PayPal': 1, 'banks': 1, 'name': 1}"
27,"{'hemp': 1, 'banking': 1, 'business': 1}",[],[],[],spam,"{'Bitcoin': 1, 'pharmaceuticals': 1, 'hemp': 1, 'gummies!': 1, 'banking': 1, 'emails': 1, 'African': 1, 'princeprincesses': 1, 'poorly': 1, 'business': 1}"
28,"{'high': 2, 'value': 1, 'like': 1}",[],[],[],spam,"{'Poor': 1, 'high': 2, 'value': 1, 'goods': 1, 'like': 1, 'watches': 1, 'etc': 1}"
29,"{'rebate': 1, 'car': 1}",[],[],[],spam,"{'Tax': 1, 'rebate': 1, 'car': 1}"
30,"{'prize': 1, 'reset': 1, 'password': 1, 'here': 1, 'words': 1}",[],[],[],spam,"{'Badly': 1, 'English': 1, 'have': 1, 'won': 1, 'prize': 1, 'reset': 1, 'password': 1, 'here': 1, 'words': 1, 'Nigeria': 1}"
31,"{'can': 1, 'payment': 1, 'now': 1, 'relation': 1, 'left': 1, 'bank': 1}",[],[],[],spam,"{'Hercules': 1, 'us': 1, 'from': 1, 'previous': 1, 'I': 1, 'can': 1, 'payment': 1, 'now': 1, 'A': 1, 'relation': 1, 'has': 1, 'left': 1, 'please': 1, 'bank': 1}"
32,"{'like': 1, 'bit': 1, 'coin': 1}",[],[],[],spam,"{'Need': 1, 'help': 1, 'rich': 1, 'like': 1, 'how': 1, 'I': 1, 'bit': 1, 'coin': 1, 'Nigeria': 1, 'Stock': 1, 'Exchange': 1}"
